dataset,seed,batch,domain_auc,threshold,mean_density_weight,min_density_weight,median_density_weight,max_density_weight,low_clip_fraction,high_clip_fraction
SECOM,7,0,0.9545704279355105,0.12196530198387778,0.6109683968624506,0.05,0.43400467138525406,7.4434309173395174,0.0125,0.0
SECOM,7,1,0.9585405155777944,0.12196530198387778,0.580411633563007,0.05,0.4216948977911289,4.588874094959471,0.0075,0.0
SECOM,7,2,0.9779045946736904,0.12196530198387778,0.4703310128273098,0.05,0.36370554491364876,2.380456099412686,0.005,0.0
SECOM,7,3,0.9942422864668256,0.12196530198387778,0.4608220378954613,0.05,0.38208732906022436,2.896878140746557,0.0075,0.0
SECOM,7,4,0.9961292745692149,0.10799144385026738,0.4845551950290882,0.05,0.38469180726407975,3.3012918282755956,0.0075,0.0
SECOM,7,5,0.9956280626940486,0.10799144385026738,0.46956390012354277,0.05,0.38273132859805936,2.636002965759938,0.005,0.0
SECOM,7,6,0.9921783029786934,0.10219235075210298,0.4727517820113051,0.05,0.382170639765417,2.3693538676505455,0.005,0.0
SECOM,7,7,0.996775300850898,0.10799144385026738,0.46807632061835636,0.05,0.36881847783347493,2.5206321259436746,0.01,0.0
SECOM,7,8,0.9976920461821805,0.10799144385026738,0.49319791971937993,0.05,0.401676015263598,3.4451338388147734,0.0025,0.0
SECOM,7,9,0.9971988795518207,0.10799144385026738,0.4792178956619027,0.05,0.3969244607584481,2.2124511843265213,0.0025,0.0
SECOM,7,10,0.994539754236337,0.10219235075210298,0.4772096108994514,0.05,0.39910248208706445,2.778761576630255,0.0075,0.0
SECOM,7,11,0.9950061721467849,0.10799144385026738,0.4692752731084467,0.05,0.40461320737041057,2.2131981312233786,0.01,0.0
SECOM,7,12,0.9967565973757924,0.10799144385026738,0.46346231721892145,0.05,0.3816355434909815,2.115859056820393,0.0075,0.0
SECOM,7,13,0.9927867160218368,0.10799144385026738,0.4541249802892142,0.05,0.3643829585788091,3.5802543109244755,0.0075,0.0
SECOM,7,14,0.9974937343358397,0.10219235075210298,0.4604487019532408,0.05,0.36383720803427444,2.304976692195074,0.005,0.0
SECOM,7,15,0.9960011970224066,0.10799144385026738,1.651338058240809,0.3963681974338625,1.534045640893841,5.493470819073555,0.0,0.0
SECOM,17,0,0.9637407005221569,0.13786357172239516,0.6109683968624506,0.05,0.43400467138525406,7.4434309173395174,0.0125,0.0
SECOM,17,1,0.950356782540196,0.11768610474492824,0.580411633563007,0.05,0.4216948977911289,4.588874094959471,0.0075,0.0
SECOM,17,2,0.9993941999423493,0.13387032891429163,0.4703310128273098,0.05,0.36370554491364876,2.380456099412686,0.005,0.0
SECOM,17,3,0.992985027868178,0.13387032891429163,0.4608220378954613,0.05,0.38208732906022436,2.896878140746557,0.0075,0.0
SECOM,17,4,0.9922237551737112,0.13387032891429163,0.4845551950290882,0.05,0.38469180726407975,3.3012918282755956,0.0075,0.0
SECOM,17,5,0.9939393864380001,0.13387032891429163,0.46956390012354277,0.05,0.38273132859805936,2.636002965759938,0.005,0.0
SECOM,17,6,0.9927947612666433,0.13387032891429163,0.4727517820113051,0.05,0.382170639765417,2.3693538676505455,0.005,0.0
SECOM,17,7,0.994711317362766,0.13387032891429163,0.46807632061835636,0.05,0.36881847783347493,2.5206321259436746,0.01,0.0
SECOM,17,8,0.995882691254035,0.13387032891429163,0.49319791971937993,0.05,0.401676015263598,3.4451338388147734,0.0025,0.0
SECOM,17,9,0.9946926138876604,0.13387032891429163,0.4792178956619027,0.05,0.3969244607584481,2.2124511843265213,0.0025,0.0
SECOM,17,10,0.9921863482234999,0.13387032891429163,0.4772096108994514,0.05,0.39910248208706445,2.778761576630255,0.0075,0.0
SECOM,17,11,0.9941403112698338,0.13387032891429163,0.4692752731084467,0.05,0.40461320737041057,2.2131981312233786,0.01,0.0
SECOM,17,12,0.9914679147385584,0.13387032891429163,0.46346231721892145,0.05,0.3816355434909815,2.115859056820393,0.0075,0.0
SECOM,17,13,0.9808344390387734,0.13387032891429163,0.4541249802892142,0.05,0.3643829585788091,3.5802543109244755,0.0075,0.0
SECOM,17,14,0.9900927967416345,0.13387032891429163,0.4604487019532408,0.05,0.36383720803427444,2.304976692195074,0.005,0.0
SECOM,17,15,0.9950061721467849,0.13387032891429163,1.651338058240809,0.3963681974338625,1.534045640893841,5.493470819073555,0.0,0.0
SECOM,27,0,0.9521315497919515,0.12866687388877818,0.6109683968624506,0.05,0.43400467138525406,7.4434309173395174,0.0125,0.0
SECOM,27,1,0.9586183550403664,0.1231567965308813,0.580411633563007,0.05,0.4216948977911289,4.588874094959471,0.0075,0.0
SECOM,27,2,0.9998525726079905,0.12831729055258467,0.4703310128273098,0.05,0.36370554491364876,2.380456099412686,0.005,0.0
SECOM,27,3,0.9927680125467312,0.12831729055258467,0.4608220378954613,0.05,0.38208732906022436,2.896878140746557,0.0075,0.0
SECOM,27,4,0.996038163890851,0.12831729055258467,0.4845551950290882,0.05,0.38469180726407975,3.3012918282755956,0.0075,0.0
SECOM,27,5,0.9964804460668791,0.12866687388877818,0.46956390012354277,0.05,0.38273132859805936,2.636002965759938,0.005,0.0
SECOM,27,6,0.9926286303995283,0.12866687388877818,0.4727517820113051,0.05,0.382170639765417,2.3693538676505455,0.005,0.0
SECOM,27,7,0.9969066377532946,0.12866687388877818,0.46807632061835636,0.05,0.36881847783347493,2.5206321259436746,0.01,0.0
SECOM,27,8,0.9967833460957046,0.12831729055258467,0.49319791971937993,0.05,0.401676015263598,3.4451338388147734,0.0025,0.0
SECOM,27,9,0.9958720330237357,0.12831729055258467,0.4792178956619027,0.05,0.3969244607584481,2.2124511843265213,0.0025,0.0
SECOM,27,10,0.9996970999711746,0.12866687388877818,0.4772096108994514,0.05,0.39910248208706445,2.778761576630255,0.0075,0.0
SECOM,27,11,0.9967565973757925,0.12831729055258467,0.4692752731084467,0.05,0.40461320737041057,2.2131981312233786,0.01,0.0
SECOM,27,12,0.994850699509969,0.12866687388877818,0.46346231721892145,0.05,0.3816355434909815,2.115859056820393,0.0075,0.0
SECOM,27,13,0.9949874686716792,0.12866687388877818,0.4541249802892142,0.05,0.3643829585788091,3.5802543109244755,0.0075,0.0
SECOM,27,14,0.9953814793788686,0.12866687388877818,0.4604487019532408,0.05,0.36383720803427444,2.304976692195074,0.005,0.0
SECOM,27,15,0.9957430890659484,0.12866687388877818,1.651338058240809,0.3963681974338625,1.534045640893841,5.493470819073555,0.0,0.0
SECOM,37,0,0.9585031086275829,0.13584147355912057,0.6109683968624506,0.05,0.43400467138525406,7.4434309173395174,0.0125,0.0
SECOM,37,1,0.9646789686023663,0.10840506806574912,0.580411633563007,0.05,0.4216948977911289,4.588874094959471,0.0075,0.0
SECOM,37,2,0.9984613641214537,0.1334354570919276,0.4703310128273098,0.05,0.36370554491364876,2.380456099412686,0.005,0.0
SECOM,37,3,0.9936256218905473,0.1334354570919276,0.4608220378954613,0.05,0.38208732906022436,2.896878140746557,0.0075,0.0
SECOM,37,4,0.9949633329372597,0.1334354570919276,0.4845551950290882,0.05,0.38469180726407975,3.3012918282755956,0.0075,0.0
SECOM,37,5,0.9990671641791046,0.1334354570919276,0.46956390012354277,0.05,0.38273132859805936,2.636002965759938,0.005,0.0
SECOM,37,6,0.9991154356479433,0.1334354570919276,0.4727517820113051,0.05,0.382170639765417,2.3693538676505455,0.005,0.0
SECOM,37,7,0.9938080495356036,0.1334354570919276,0.46807632061835636,0.05,0.36881847783347493,2.5206321259436746,0.01,0.0
SECOM,37,8,0.9974937343358397,0.1334354570919276,0.49319791971937993,0.05,0.401676015263598,3.4451338388147734,0.0025,0.0
SECOM,37,9,0.9936310541498611,0.1334354570919276,0.4792178956619027,0.05,0.3969244607584481,2.2124511843265213,0.0025,0.0
SECOM,37,10,0.9973302164542172,0.1334354570919276,0.4772096108994514,0.05,0.39910248208706445,2.778761576630255,0.0075,0.0
SECOM,37,11,0.9949874686716792,0.1334354570919276,0.4692752731084467,0.05,0.40461320737041057,2.2131981312233786,0.01,0.0
SECOM,37,12,0.997641161727849,0.1334354570919276,0.46346231721892145,0.05,0.3816355434909815,2.115859056820393,0.0075,0.0
SECOM,37,13,0.9995335820895522,0.1334354570919276,0.4541249802892142,0.05,0.3643829585788091,3.5802543109244755,0.0075,0.0
SECOM,37,14,0.9964617425917736,0.1334354570919276,0.4604487019532408,0.05,0.36383720803427444,2.304976692195074,0.005,0.0
SECOM,37,15,0.9954051796157058,0.1334354570919276,1.651338058240809,0.3963681974338625,1.534045640893841,5.493470819073555,0.0,0.0
SECOM,47,0,0.9673485458598208,0.12252009882102755,0.6109683968624506,0.05,0.43400467138525406,7.4434309173395174,0.0125,0.0
SECOM,47,1,0.9439906559638782,0.12252009882102755,0.580411633563007,0.05,0.4216948977911289,4.588874094959471,0.0075,0.0
SECOM,47,2,0.9944834375226916,0.12252009882102755,0.4703310128273098,0.05,0.36370554491364876,2.380456099412686,0.005,0.0
SECOM,47,3,0.9954967257916522,0.12252009882102755,0.4608220378954613,0.05,0.38208732906022436,2.896878140746557,0.0075,0.0
SECOM,47,4,0.9923337756155094,0.1265191481377239,0.4845551950290882,0.05,0.38469180726407975,3.3012918282755956,0.0075,0.0
SECOM,47,5,0.9961105710941092,0.1265191481377239,0.46956390012354277,0.05,0.38273132859805936,2.636002965759938,0.005,0.0
SECOM,47,6,0.9991154356479434,0.1265191481377239,0.4727517820113051,0.05,0.382170639765417,2.3693538676505455,0.005,0.0
SECOM,47,7,0.9990832546687174,0.1265191481377239,0.46807632061835636,0.05,0.36881847783347493,2.5206321259436746,0.01,0.0
SECOM,47,8,0.9942181507324062,0.12252009882102755,0.49319791971937993,0.05,0.401676015263598,3.4451338388147734,0.0025,0.0
SECOM,47,9,0.9972175830269263,0.1265191481377239,0.4792178956619027,0.05,0.3969244607584481,2.2124511843265213,0.0025,0.0
SECOM,47,10,0.9929019624346203,0.1265191481377239,0.4772096108994514,0.05,0.39910248208706445,2.778761576630255,0.0075,0.0
SECOM,47,11,0.9903071990775887,0.1265191481377239,0.4692752731084467,0.05,0.40461320737041057,2.2131981312233786,0.01,0.0
SECOM,47,12,0.9970514521598113,0.1265191481377239,0.46346231721892145,0.05,0.3816355434909815,2.115859056820393,0.0075,0.0
SECOM,47,13,0.9970434069150048,0.1265191481377239,0.4541249802892142,0.05,0.3643829585788091,3.5802543109244755,0.0075,0.0
SECOM,47,14,0.9904172195193867,0.1265191481377239,0.4604487019532408,0.05,0.36383720803427444,2.304976692195074,0.005,0.0
SECOM,47,15,0.9936545343458149,0.1265191481377239,1.651338058240809,0.3963681974338625,1.534045640893841,5.493470819073555,0.0,0.0
AI4I,7,0,0.8975316153087562,0.06815300330667044,1.719762153768088,0.12386242148299963,1.197000101877424,13.718421826559688,0.0,0.0
AI4I,7,1,0.898429704508283,0.062147770551518315,1.7070827326526812,0.20030754915041235,1.0465270072092405,6.9190358521563,0.0,0.0
AI4I,7,2,0.9316144403067853,0.061237606175780314,1.70282954233161,0.12606505708025995,1.1186730890710193,9.299538358260254,0.0,0.0
AI4I,7,3,0.9932104474171676,0.0628396027115327,1.6407898808981027,0.05,0.8470824269236734,12.51461990362208,0.0065,0.0
AI4I,7,4,1.0,0.05984788944820161,1.4430464812930242,0.05,0.6721324022506128,17.274985235663934,0.02,0.0
AI4I,7,5,1.0,0.058359307173027446,1.3577439811813528,0.05,0.6518105116710043,12.77567416740684,0.0185,0.0
AI4I,7,6,1.0,0.05984788944820161,1.283392208022762,0.05,0.6231610258654278,15.65694386031808,0.003,0.0
AI4I,7,7,1.0,0.05984788944820161,1.2723888453567354,0.05,0.6054757540678113,15.519379739811983,0.0055,0.0
AI4I,7,8,1.0,0.06046145495787084,1.2677481825227925,0.05,0.6319279521175405,12.041923882744088,0.004,0.0
AI4I,7,9,1.0,0.05715861641034833,1.1997725237562322,0.05,0.608687193929747,12.97905157767975,0.004,0.0
AI4I,7,10,1.0,0.0558129227121124,1.1653533418216544,0.05139556896300336,0.5949224275439071,11.340500206732148,0.0,0.0
AI4I,7,11,1.0,0.058385266207168635,1.022184782175904,0.08842048380083084,0.60151032225147,7.427731389737123,0.0,0.0
AI4I,7,12,1.0,0.05984788944820161,0.9777258239459938,0.09636625145673633,0.6066212281741092,6.4271334410384835,0.0,0.0
AI4I,7,13,1.0,0.05984788944820161,0.9670204313288691,0.1051704982394694,0.615495862831263,6.30597254429895,0.0,0.0
AI4I,7,14,1.0,0.058034358691557215,0.9609477450340821,0.10042656573628642,0.6185124998486298,6.1512665920949665,0.0,0.0
AI4I,7,15,1.0,0.05984788944820161,0.9796389355552118,0.09954957088661015,0.6073827691361255,6.888280266022044,0.0,0.0
AI4I,7,16,1.0,0.060872826532625685,0.971971671267521,0.10321549834187665,0.6157721426365083,6.696440433604885,0.0,0.0
AI4I,7,17,1.0,0.05634533990160965,1.0343381137574275,0.06886229963621424,0.6033024874183259,8.721346585758926,0.0,0.0
AI4I,7,18,1.0,0.05968905730760037,0.9591367180488283,0.110793917891079,0.613933901574233,6.564197283176789,0.0,0.0
AI4I,7,19,1.0,0.05968905730760037,0.9377053612906942,0.12493026419826234,0.6062541466019169,5.627358676231582,0.0,0.0
AI4I,7,20,1.0,0.05688466706324294,0.9579415886017836,0.1096276023498912,0.6082296141951005,6.121292225339272,0.0,0.0
AI4I,7,21,1.0,0.05715861641034833,0.9490039255607614,0.11695844112233492,0.6072560041170504,5.938428979886616,0.0,0.0
AI4I,7,22,1.0,0.05655084888967244,0.9848946991671849,0.09257442181522307,0.604213688617439,6.857131017176994,0.0,0.0
AI4I,7,23,1.0,0.058359307173027446,1.0205492035601416,0.08296341510253603,0.6001152198280748,7.836269649558776,0.0,0.0
AI4I,7,24,1.0,0.05634533990160965,1.0617697687708878,0.07278341123713204,0.5915079349053005,8.828105982609992,0.0,0.0
AI4I,7,25,1.0,0.05669359173334407,1.0928319113616525,0.06562069876548902,0.5824502293211931,9.898703238401295,0.0,0.0
AI4I,7,26,1.0,0.05626870614274419,1.1349017986264494,0.06214526739761052,0.572523191895507,9.674749543732268,0.0,0.0
AI4I,7,27,1.0,0.05634533990160965,1.0180111452525773,0.08955764806522241,0.5939911319924059,7.6020849644524935,0.0,0.0
AI4I,7,28,1.0,0.058034358691557215,1.0484735381096983,0.08130567664960288,0.5882208812682426,8.987547277543285,0.0,0.0
AI4I,7,29,0.9999116763822645,0.05984788944820161,1.2553840436327433,0.05,0.60258368392265,11.809978432134224,0.001,0.0
AI4I,7,30,0.9970742415402438,0.05984788944820161,1.5069550221078654,0.05,0.7202671718165673,17.99178677099271,0.01,0.0
AI4I,7,31,0.9933228216751896,0.06225692972395921,1.606473355650738,0.05,0.8018887593201989,14.916398226111362,0.0015,0.0
AI4I,7,32,1.0,0.05982827056571677,1.4306208212067077,0.05,0.6557214683886545,14.333322946223536,0.011,0.0
AI4I,7,33,1.0,0.05658485551796478,1.4122551793848765,0.05,0.6448869424870487,16.03126517088861,0.008,0.0
AI4I,7,34,1.0,0.05984788944820161,1.345933422067944,0.05,0.6292183975065198,13.375454472011201,0.0085,0.0
AI4I,7,35,1.0,0.05467247284631003,1.2172552577282352,0.05,0.6039921655184183,12.737190254759502,0.003,0.0
AI4I,7,36,1.0,0.05984788944820161,1.1436926205984133,0.06319331224802575,0.5830881321358508,11.396929955688575,0.0,0.0
AI4I,7,37,1.0,0.05544203299968006,1.2900257174390959,0.05,0.6002856627045722,14.281071470058757,0.001,0.0
AI4I,7,38,1.0,0.05658485551796478,1.1238077725962285,0.06958698185969908,0.5663839575795218,10.78358425742577,0.0,0.0
AI4I,7,39,1.0,0.05525316901288854,1.1021560921956701,0.06393542369741675,0.5400475975059136,8.437429513423174,0.0,0.0
AI4I,17,0,0.9352701817700936,0.06923068705632172,1.719762153768088,0.12386242148299963,1.197000101877424,13.718421826559688,0.0,0.0
AI4I,17,1,0.9010387272359228,0.06751556923296863,1.7070827326526812,0.20030754915041235,1.0465270072092405,6.9190358521563,0.0,0.0
AI4I,17,2,0.9276239816851864,0.06718493359409769,1.70282954233161,0.12606505708025995,1.1186730890710193,9.299538358260254,0.0,0.0
AI4I,17,3,0.9949746134705126,0.06718493359409769,1.6407898808981027,0.05,0.8470824269236734,12.51461990362208,0.0065,0.0
AI4I,17,4,1.0,0.06488768052037404,1.4430464812930242,0.05,0.6721324022506128,17.274985235663934,0.02,0.0
AI4I,17,5,1.0,0.060232370865312065,1.3577439811813528,0.05,0.6518105116710043,12.77567416740684,0.0185,0.0
AI4I,17,6,1.0,0.06196033841631366,1.283392208022762,0.05,0.6231610258654278,15.65694386031808,0.003,0.0
AI4I,17,7,1.0,0.06071848714869454,1.2723888453567354,0.05,0.6054757540678113,15.519379739811983,0.0055,0.0
AI4I,17,8,1.0,0.06308047543787483,1.2677481825227925,0.05,0.6319279521175405,12.041923882744088,0.004,0.0
AI4I,17,9,1.0,0.06018212866793142,1.1997725237562322,0.05,0.608687193929747,12.97905157767975,0.004,0.0
AI4I,17,10,1.0,0.05408218736233905,1.1653533418216544,0.05139556896300336,0.5949224275439071,11.340500206732148,0.0,0.0
AI4I,17,11,1.0,0.03333234125531448,1.022184782175904,0.08842048380083084,0.60151032225147,7.427731389737123,0.0,0.0
AI4I,17,12,1.0,0.05408218736233905,0.9777258239459938,0.09636625145673633,0.6066212281741092,6.4271334410384835,0.0,0.0
AI4I,17,13,1.0,0.05408218736233905,0.9670204313288691,0.1051704982394694,0.615495862831263,6.30597254429895,0.0,0.0
AI4I,17,14,1.0,0.05408218736233905,0.9609477450340821,0.10042656573628642,0.6185124998486298,6.1512665920949665,0.0,0.0
AI4I,17,15,1.0,0.05408218736233905,0.9796389355552118,0.09954957088661015,0.6073827691361255,6.888280266022044,0.0,0.0
AI4I,17,16,1.0,0.05408218736233905,0.971971671267521,0.10321549834187665,0.6157721426365083,6.696440433604885,0.0,0.0
AI4I,17,17,1.0,0.05408218736233905,1.0343381137574275,0.06886229963621424,0.6033024874183259,8.721346585758926,0.0,0.0
AI4I,17,18,1.0,0.05408218736233905,0.9591367180488283,0.110793917891079,0.613933901574233,6.564197283176789,0.0,0.0
AI4I,17,19,1.0,0.05408218736233905,0.9377053612906942,0.12493026419826234,0.6062541466019169,5.627358676231582,0.0,0.0
AI4I,17,20,1.0,0.03333234125531448,0.9579415886017836,0.1096276023498912,0.6082296141951005,6.121292225339272,0.0,0.0
AI4I,17,21,1.0,0.05408218736233905,0.9490039255607614,0.11695844112233492,0.6072560041170504,5.938428979886616,0.0,0.0
AI4I,17,22,1.0,0.05408218736233905,0.9848946991671849,0.09257442181522307,0.604213688617439,6.857131017176994,0.0,0.0
AI4I,17,23,1.0,0.05408218736233905,1.0205492035601416,0.08296341510253603,0.6001152198280748,7.836269649558776,0.0,0.0
AI4I,17,24,1.0,0.03333234125531448,1.0617697687708878,0.07278341123713204,0.5915079349053005,8.828105982609992,0.0,0.0
AI4I,17,25,1.0,0.05408218736233905,1.0928319113616525,0.06562069876548902,0.5824502293211931,9.898703238401295,0.0,0.0
AI4I,17,26,1.0,0.03333234125531448,1.1349017986264494,0.06214526739761052,0.572523191895507,9.674749543732268,0.0,0.0
AI4I,17,27,1.0,0.03333234125531448,1.0180111452525773,0.08955764806522241,0.5939911319924059,7.6020849644524935,0.0,0.0
AI4I,17,28,1.0,0.05408218736233905,1.0484735381096983,0.08130567664960288,0.5882208812682426,8.987547277543285,0.0,0.0
AI4I,17,29,0.9999687656171914,0.05408218736233905,1.2553840436327433,0.05,0.60258368392265,11.809978432134224,0.001,0.0
AI4I,17,30,0.996723297510404,0.06308047543787483,1.5069550221078654,0.05,0.7202671718165673,17.99178677099271,0.01,0.0
AI4I,17,31,0.9929268109718326,0.06718493359409769,1.606473355650738,0.05,0.8018887593201989,14.916398226111362,0.0015,0.0
AI4I,17,32,1.0,0.060602186779385316,1.4306208212067077,0.05,0.6557214683886545,14.333322946223536,0.011,0.0
AI4I,17,33,1.0,0.060017262706077476,1.4122551793848765,0.05,0.6448869424870487,16.03126517088861,0.008,0.0
AI4I,17,34,1.0,0.060602186779385316,1.345933422067944,0.05,0.6292183975065198,13.375454472011201,0.0085,0.0
AI4I,17,35,1.0,0.05909892083265762,1.2172552577282352,0.05,0.6039921655184183,12.737190254759502,0.003,0.0
AI4I,17,36,1.0,0.06242029797233485,1.1436926205984133,0.06319331224802575,0.5830881321358508,11.396929955688575,0.0,0.0
AI4I,17,37,1.0,0.05408218736233905,1.2900257174390959,0.05,0.6002856627045722,14.281071470058757,0.001,0.0
AI4I,17,38,1.0,0.03333234125531448,1.1238077725962285,0.06958698185969908,0.5663839575795218,10.78358425742577,0.0,0.0
AI4I,17,39,1.0,0.03333234125531448,1.1021560921956701,0.06393542369741675,0.5400475975059136,8.437429513423174,0.0,0.0
AI4I,27,0,0.9303690375709514,0.07481502617493029,1.719762153768088,0.12386242148299963,1.197000101877424,13.718421826559688,0.0,0.0
AI4I,27,1,0.9053447408516196,0.06874595025889142,1.7070827326526812,0.20030754915041235,1.0465270072092405,6.9190358521563,0.0,0.0
AI4I,27,2,0.9281729255492374,0.0683120368541699,1.70282954233161,0.12606505708025995,1.1186730890710193,9.299538358260254,0.0,0.0
AI4I,27,3,0.9930607033526163,0.06874595025889142,1.6407898808981027,0.05,0.8470824269236734,12.51461990362208,0.0065,0.0
AI4I,27,4,1.0,0.06705065706298845,1.4430464812930242,0.05,0.6721324022506128,17.274985235663934,0.02,0.0
AI4I,27,5,1.0,0.05998682890061927,1.3577439811813528,0.05,0.6518105116710043,12.77567416740684,0.0185,0.0
AI4I,27,6,1.0,0.0628571700597556,1.283392208022762,0.05,0.6231610258654278,15.65694386031808,0.003,0.0
AI4I,27,7,1.0,0.061580467664430524,1.2723888453567354,0.05,0.6054757540678113,15.519379739811983,0.0055,0.0
AI4I,27,8,1.0,0.06422584984094114,1.2677481825227925,0.05,0.6319279521175405,12.041923882744088,0.004,0.0
AI4I,27,9,1.0,0.05998682890061927,1.1997725237562322,0.05,0.608687193929747,12.97905157767975,0.004,0.0
AI4I,27,10,1.0,0.04761066779272205,1.1653533418216544,0.05139556896300336,0.5949224275439071,11.340500206732148,0.0,0.0
AI4I,27,11,1.0,0.040380926620678936,1.022184782175904,0.08842048380083084,0.60151032225147,7.427731389737123,0.0,0.0
AI4I,27,12,1.0,0.04761066779272205,0.9777258239459938,0.09636625145673633,0.6066212281741092,6.4271334410384835,0.0,0.0
AI4I,27,13,1.0,0.04761066779272205,0.9670204313288691,0.1051704982394694,0.615495862831263,6.30597254429895,0.0,0.0
AI4I,27,14,1.0,0.04761066779272205,0.9609477450340821,0.10042656573628642,0.6185124998486298,6.1512665920949665,0.0,0.0
AI4I,27,15,1.0,0.04761066779272205,0.9796389355552118,0.09954957088661015,0.6073827691361255,6.888280266022044,0.0,0.0
AI4I,27,16,1.0,0.04761066779272205,0.971971671267521,0.10321549834187665,0.6157721426365083,6.696440433604885,0.0,0.0
AI4I,27,17,1.0,0.04761066779272205,1.0343381137574275,0.06886229963621424,0.6033024874183259,8.721346585758926,0.0,0.0
AI4I,27,18,1.0,0.04761066779272205,0.9591367180488283,0.110793917891079,0.613933901574233,6.564197283176789,0.0,0.0
AI4I,27,19,1.0,0.04761066779272205,0.9377053612906942,0.12493026419826234,0.6062541466019169,5.627358676231582,0.0,0.0
AI4I,27,20,1.0,0.040380926620678936,0.9579415886017836,0.1096276023498912,0.6082296141951005,6.121292225339272,0.0,0.0
AI4I,27,21,1.0,0.04761066779272205,0.9490039255607614,0.11695844112233492,0.6072560041170504,5.938428979886616,0.0,0.0
AI4I,27,22,1.0,0.04761066779272205,0.9848946991671849,0.09257442181522307,0.604213688617439,6.857131017176994,0.0,0.0
AI4I,27,23,1.0,0.04761066779272205,1.0205492035601416,0.08296341510253603,0.6001152198280748,7.836269649558776,0.0,0.0
AI4I,27,24,1.0,0.040380926620678936,1.0617697687708878,0.07278341123713204,0.5915079349053005,8.828105982609992,0.0,0.0
AI4I,27,25,1.0,0.04761066779272205,1.0928319113616525,0.06562069876548902,0.5824502293211931,9.898703238401295,0.0,0.0
AI4I,27,26,1.0,0.040380926620678936,1.1349017986264494,0.06214526739761052,0.572523191895507,9.674749543732268,0.0,0.0
AI4I,27,27,1.0,0.040380926620678936,1.0180111452525773,0.08955764806522241,0.5939911319924059,7.6020849644524935,0.0,0.0
AI4I,27,28,1.0,0.04761066779272205,1.0484735381096983,0.08130567664960288,0.5882208812682426,8.987547277543285,0.0,0.0
AI4I,27,29,0.9999687656171914,0.04761066779272205,1.2553840436327433,0.05,0.60258368392265,11.809978432134224,0.001,0.0
AI4I,27,30,0.9970879689990723,0.06416493103802597,1.5069550221078654,0.05,0.7202671718165673,17.99178677099271,0.01,0.0
AI4I,27,31,0.9925268939015742,0.06752165669577698,1.606473355650738,0.05,0.8018887593201989,14.916398226111362,0.0015,0.0
AI4I,27,32,1.0,0.05998682890061927,1.4306208212067077,0.05,0.6557214683886545,14.333322946223536,0.011,0.0
AI4I,27,33,1.0,0.05867375005354921,1.4122551793848765,0.05,0.6448869424870487,16.03126517088861,0.008,0.0
AI4I,27,34,1.0,0.06112945479013592,1.345933422067944,0.05,0.6292183975065198,13.375454472011201,0.0085,0.0
AI4I,27,35,1.0,0.056896121791213075,1.2172552577282352,0.05,0.6039921655184183,12.737190254759502,0.003,0.0
AI4I,27,36,1.0,0.06379532492234899,1.1436926205984133,0.06319331224802575,0.5830881321358508,11.396929955688575,0.0,0.0
AI4I,27,37,1.0,0.04761066779272205,1.2900257174390959,0.05,0.6002856627045722,14.281071470058757,0.001,0.0
AI4I,27,38,1.0,0.040380926620678936,1.1238077725962285,0.06958698185969908,0.5663839575795218,10.78358425742577,0.0,0.0
AI4I,27,39,1.0,0.040380926620678936,1.1021560921956701,0.06393542369741675,0.5400475975059136,8.437429513423174,0.0,0.0
AI4I,37,0,0.9326966915323472,0.07749340910207782,1.719762153768088,0.12386242148299963,1.197000101877424,13.718421826559688,0.0,0.0
AI4I,37,1,0.8766365194456296,0.07306374724709343,1.7070827326526812,0.20030754915041235,1.0465270072092405,6.9190358521563,0.0,0.0
AI4I,37,2,0.9340422473359681,0.07255969381839349,1.70282954233161,0.12606505708025995,1.1186730890710193,9.299538358260254,0.0,0.0
AI4I,37,3,0.992996275886081,0.0742440421635468,1.6407898808981027,0.05,0.8470824269236734,12.51461990362208,0.0065,0.0
AI4I,37,4,1.0,0.07105243447198592,1.4430464812930242,0.05,0.6721324022506128,17.274985235663934,0.02,0.0
AI4I,37,5,1.0,0.06855249100400804,1.3577439811813528,0.05,0.6518105116710043,12.77567416740684,0.0185,0.0
AI4I,37,6,1.0,0.06883742765004847,1.283392208022762,0.05,0.6231610258654278,15.65694386031808,0.003,0.0
AI4I,37,7,1.0,0.06860183878041463,1.2723888453567354,0.05,0.6054757540678113,15.519379739811983,0.0055,0.0
AI4I,37,8,1.0,0.0701676072259354,1.2677481825227925,0.05,0.6319279521175405,12.041923882744088,0.004,0.0
AI4I,37,9,1.0,0.0667777226694874,1.1997725237562322,0.05,0.608687193929747,12.97905157767975,0.004,0.0
AI4I,37,10,1.0,0.06437352905092844,1.1653533418216544,0.05139556896300336,0.5949224275439071,11.340500206732148,0.0,0.0
AI4I,37,11,1.0,0.044057728415375474,1.022184782175904,0.08842048380083084,0.60151032225147,7.427731389737123,0.0,0.0
AI4I,37,12,1.0,0.06883742765004847,0.9777258239459938,0.09636625145673633,0.6066212281741092,6.4271334410384835,0.0,0.0
AI4I,37,13,1.0,0.07000922341303228,0.9670204313288691,0.1051704982394694,0.615495862831263,6.30597254429895,0.0,0.0
AI4I,37,14,1.0,0.06855249100400804,0.9609477450340821,0.10042656573628642,0.6185124998486298,6.1512665920949665,0.0,0.0
AI4I,37,15,1.0,0.06883742765004847,0.9796389355552118,0.09954957088661015,0.6073827691361255,6.888280266022044,0.0,0.0
AI4I,37,16,1.0,0.07000922341303228,0.971971671267521,0.10321549834187665,0.6157721426365083,6.696440433604885,0.0,0.0
AI4I,37,17,1.0,0.06439695957293481,1.0343381137574275,0.06886229963621424,0.6033024874183259,8.721346585758926,0.0,0.0
AI4I,37,18,1.0,0.06883742765004847,0.9591367180488283,0.110793917891079,0.613933901574233,6.564197283176789,0.0,0.0
AI4I,37,19,1.0,0.06883742765004847,0.9377053612906942,0.12493026419826234,0.6062541466019169,5.627358676231582,0.0,0.0
AI4I,37,20,1.0,0.044057728415375474,0.9579415886017836,0.1096276023498912,0.6082296141951005,6.121292225339272,0.0,0.0
AI4I,37,21,1.0,0.06718391239132165,0.9490039255607614,0.11695844112233492,0.6072560041170504,5.938428979886616,0.0,0.0
AI4I,37,22,1.0,0.06507495324764676,0.9848946991671849,0.09257442181522307,0.604213688617439,6.857131017176994,0.0,0.0
AI4I,37,23,1.0,0.06721522457169317,1.0205492035601416,0.08296341510253603,0.6001152198280748,7.836269649558776,0.0,0.0
AI4I,37,24,1.0,0.044057728415375474,1.0617697687708878,0.07278341123713204,0.5915079349053005,8.828105982609992,0.0,0.0
AI4I,37,25,1.0,0.06459035780357116,1.0928319113616525,0.06562069876548902,0.5824502293211931,9.898703238401295,0.0,0.0
AI4I,37,26,1.0,0.044057728415375474,1.1349017986264494,0.06214526739761052,0.572523191895507,9.674749543732268,0.0,0.0
AI4I,37,27,1.0,0.044057728415375474,1.0180111452525773,0.08955764806522241,0.5939911319924059,7.6020849644524935,0.0,0.0
AI4I,37,28,1.0,0.06549635011703123,1.0484735381096983,0.08130567664960288,0.5882208812682426,8.987547277543285,0.0,0.0
AI4I,37,29,0.9999687656171914,0.06883742765004847,1.2553840436327433,0.05,0.60258368392265,11.809978432134224,0.001,0.0
AI4I,37,30,0.9964701616247167,0.06947339111524871,1.5069550221078654,0.05,0.7202671718165673,17.99178677099271,0.01,0.0
AI4I,37,31,0.993503496661844,0.07296108982177092,1.606473355650738,0.05,0.8018887593201989,14.916398226111362,0.0015,0.0
AI4I,37,32,1.0,0.06856007472228275,1.4306208212067077,0.05,0.6557214683886545,14.333322946223536,0.011,0.0
AI4I,37,33,1.0,0.06438660894660896,1.4122551793848765,0.05,0.6448869424870487,16.03126517088861,0.008,0.0
AI4I,37,34,1.0,0.06860183878041463,1.345933422067944,0.05,0.6292183975065198,13.375454472011201,0.0085,0.0
AI4I,37,35,1.0,0.06238504300879165,1.2172552577282352,0.05,0.6039921655184183,12.737190254759502,0.003,0.0
AI4I,37,36,1.0,0.06883742765004847,1.1436926205984133,0.06319331224802575,0.5830881321358508,11.396929955688575,0.0,0.0
AI4I,37,37,1.0,0.0630318410313457,1.2900257174390959,0.05,0.6002856627045722,14.281071470058757,0.001,0.0
AI4I,37,38,1.0,0.044057728415375474,1.1238077725962285,0.06958698185969908,0.5663839575795218,10.78358425742577,0.0,0.0
AI4I,37,39,1.0,0.044057728415375474,1.1021560921956701,0.06393542369741675,0.5400475975059136,8.437429513423174,0.0,0.0
AI4I,47,0,0.9266083869829792,0.07110558034359413,1.719762153768088,0.12386242148299963,1.197000101877424,13.718421826559688,0.0,0.0
AI4I,47,1,0.9037128947008566,0.06725348109063278,1.7070827326526812,0.20030754915041235,1.0465270072092405,6.9190358521563,0.0,0.0
AI4I,47,2,0.9414660824507372,0.0665601511914654,1.70282954233161,0.12606505708025995,1.1186730890710193,9.299538358260254,0.0,0.0
AI4I,47,3,0.9937390097567361,0.06947422338926983,1.6407898808981027,0.05,0.8470824269236734,12.51461990362208,0.0065,0.0
AI4I,47,4,1.0,0.06164288332238798,1.4430464812930242,0.05,0.6721324022506128,17.274985235663934,0.02,0.0
AI4I,47,5,1.0,0.05973774514342665,1.3577439811813528,0.05,0.6518105116710043,12.77567416740684,0.0185,0.0
AI4I,47,6,1.0,0.06048593936980361,1.283392208022762,0.05,0.6231610258654278,15.65694386031808,0.003,0.0
AI4I,47,7,1.0,0.05973774514342665,1.2723888453567354,0.05,0.6054757540678113,15.519379739811983,0.0055,0.0
AI4I,47,8,1.0,0.06165448091298032,1.2677481825227925,0.05,0.6319279521175405,12.041923882744088,0.004,0.0
AI4I,47,9,1.0,0.0596385101791913,1.1997725237562322,0.05,0.608687193929747,12.97905157767975,0.004,0.0
AI4I,47,10,1.0,0.05938120567636249,1.1653533418216544,0.05139556896300336,0.5949224275439071,11.340500206732148,0.0,0.0
AI4I,47,11,1.0,0.03900432433826562,1.022184782175904,0.08842048380083084,0.60151032225147,7.427731389737123,0.0,0.0
AI4I,47,12,1.0,0.06116424891929537,0.9777258239459938,0.09636625145673633,0.6066212281741092,6.4271334410384835,0.0,0.0
AI4I,47,13,1.0,0.06178742792810906,0.9670204313288691,0.1051704982394694,0.615495862831263,6.30597254429895,0.0,0.0
AI4I,47,14,1.0,0.05973774514342665,0.9609477450340821,0.10042656573628642,0.6185124998486298,6.1512665920949665,0.0,0.0
AI4I,47,15,1.0,0.06116424891929537,0.9796389355552118,0.09954957088661015,0.6073827691361255,6.888280266022044,0.0,0.0
AI4I,47,16,1.0,0.06199842528221688,0.971971671267521,0.10321549834187665,0.6157721426365083,6.696440433604885,0.0,0.0
AI4I,47,17,1.0,0.05961502935903904,1.0343381137574275,0.06886229963621424,0.6033024874183259,8.721346585758926,0.0,0.0
AI4I,47,18,1.0,0.06048593936980361,0.9591367180488283,0.110793917891079,0.613933901574233,6.564197283176789,0.0,0.0
AI4I,47,19,1.0,0.061281230499806355,0.9377053612906942,0.12493026419826234,0.6062541466019169,5.627358676231582,0.0,0.0
AI4I,47,20,1.0,0.03900432433826562,0.9579415886017836,0.1096276023498912,0.6082296141951005,6.121292225339272,0.0,0.0
AI4I,47,21,1.0,0.05973774514342665,0.9490039255607614,0.11695844112233492,0.6072560041170504,5.938428979886616,0.0,0.0
AI4I,47,22,1.0,0.059671524166615454,0.9848946991671849,0.09257442181522307,0.604213688617439,6.857131017176994,0.0,0.0
AI4I,47,23,1.0,0.05973774514342665,1.0205492035601416,0.08296341510253603,0.6001152198280748,7.836269649558776,0.0,0.0
AI4I,47,24,1.0,0.03900432433826562,1.0617697687708878,0.07278341123713204,0.5915079349053005,8.828105982609992,0.0,0.0
AI4I,47,25,1.0,0.0596385101791913,1.0928319113616525,0.06562069876548902,0.5824502293211931,9.898703238401295,0.0,0.0
AI4I,47,26,1.0,0.03900432433826562,1.1349017986264494,0.06214526739761052,0.572523191895507,9.674749543732268,0.0,0.0
AI4I,47,27,1.0,0.03900432433826562,1.0180111452525773,0.08955764806522241,0.5939911319924059,7.6020849644524935,0.0,0.0
AI4I,47,28,1.0,0.05973774514342665,1.0484735381096983,0.08130567664960288,0.5882208812682426,8.987547277543285,0.0,0.0
AI4I,47,29,1.0,0.061281230499806355,1.2553840436327433,0.05,0.60258368392265,11.809978432134224,0.001,0.0
AI4I,47,30,0.9969751147213887,0.059790557168003376,1.5069550221078654,0.05,0.7202671718165673,17.99178677099271,0.01,0.0
AI4I,47,31,0.9923277905738881,0.065436154708403,1.606473355650738,0.05,0.8018887593201989,14.916398226111362,0.0015,0.0
AI4I,47,32,1.0,0.05973774514342665,1.4306208212067077,0.05,0.6557214683886545,14.333322946223536,0.011,0.0
AI4I,47,33,1.0,0.05938120567636249,1.4122551793848765,0.05,0.6448869424870487,16.03126517088861,0.008,0.0
AI4I,47,34,1.0,0.05973774514342665,1.345933422067944,0.05,0.6292183975065198,13.375454472011201,0.0085,0.0
AI4I,47,35,1.0,0.05916784862196629,1.2172552577282352,0.05,0.6039921655184183,12.737190254759502,0.003,0.0
AI4I,47,36,1.0,0.06164288332238798,1.1436926205984133,0.06319331224802575,0.5830881321358508,11.396929955688575,0.0,0.0
AI4I,47,37,1.0,0.05938120567636249,1.2900257174390959,0.05,0.6002856627045722,14.281071470058757,0.001,0.0
AI4I,47,38,1.0,0.03900432433826562,1.1238077725962285,0.06958698185969908,0.5663839575795218,10.78358425742577,0.0,0.0
AI4I,47,39,1.0,0.03900432433826562,1.1021560921956701,0.06393542369741675,0.5400475975059136,8.437429513423174,0.0,0.0
